"Activity Date","Process Date","Settle Date","Instrument","Description","Trans Code","Quantity","Price","Amount"
"6/2/2026","6/2/2026","6/4/2026","AAPL","Apple
CUSIP: 037833100","Buy","10","$150.00","($1,500.00)"
"6/1/2026","6/1/2026","6/1/2026","AAPL","Cash Div: R/D 2026-05-20 P/D 2026-06-01 - 0.5 shares at 0.25","CDIV","","","$2.50"
"5/28/2026","5/28/2026","5/29/2026","MSFT","Microsoft
CUSIP: 594918104","Buy","5","$300.00","($1,500.00)"
"5/20/2026","5/20/2026","5/21/2026","MSFT","Microsoft
CUSIP: 594918104","Sell","2","$310.00","$620.00"
"5/15/2026","5/15/2026","5/15/2026","MSFT","Microsoft
CUSIP: 594918104","SDIV","0.5","",""
"5/10/2026","5/10/2026","5/10/2026","MSFT","Foreign Tax Witholding at $0.01","DTAX","","","($0.01)"
"5/5/2026","5/5/2026","5/5/2026","","External debit card transfer - account ending in 0000","DCF","","","$100.00"
"5/1/2026","5/1/2026","5/2/2026","TSLA","Tesla
CUSIP: 88160R101","Buy","3","$400.00","($1,200.00)"
"4/25/2026","4/25/2026","4/26/2026","TSLA","Tesla
CUSIP: 88160R101","Sell","3","$420.00","$1,260.00"
